{
  "latestValues": {
    "liberal": 33.353517022052905,
    "conservative": 55.02638120985892,
    "ndp": 6.49769832440038,
    "bloc": 0.0,
    "green": 2.621601753599226,
    "ppc": 1.5957149785703875,
    "other": 0.9050867115181817
  },
  "changes": {
    "liberal": -0.11782113912610725,
    "conservative": 0.32449038595898116,
    "ndp": -0.16587428571753016,
    "bloc": 0.0,
    "green": 0.1261136229745512,
    "ppc": -0.19854154960366222,
    "other": 0.03163296551378114
  }
}