{
  "latestValues": {
    "liberal": 56.38354037729471,
    "conservative": 32.954307177277265,
    "ndp": 6.592601083564928,
    "bloc": 0.0,
    "green": 2.0974424715412243,
    "ppc": 1.4435727224298474,
    "other": 0.5285361678920182
  },
  "changes": {
    "liberal": 1.0163809372316592,
    "conservative": -0.09450884271102922,
    "ndp": -0.21925868937559745,
    "bloc": 0.0,
    "green": -0.37238046077962084,
    "ppc": -0.1524953692080444,
    "other": -0.1777375751573893
  }
}