{
  "latestValues": {
    "liberal": 44.27957599354631,
    "conservative": 37.50290435326218,
    "ndp": 12.544831507052459,
    "bloc": 0.0,
    "green": 3.7658111967101684,
    "ppc": 1.287758478048341,
    "other": 0.6191184713805289
  },
  "changes": {
    "liberal": 1.2384964496571769,
    "conservative": -0.16741243873062928,
    "ndp": -0.514260829809766,
    "bloc": 0.0,
    "green": 0.07795939412303365,
    "ppc": -0.42868347809610463,
    "other": -0.2060990971437312
  }
}