{
  "latestValues": {
    "liberal": 44.481218926054574,
    "conservative": 37.265574903658894,
    "ndp": 7.7688518951824275,
    "bloc": 5.617711519225121,
    "green": 2.226879256758286,
    "ppc": 1.7528437458230433,
    "other": 0.8869197532976568
  },
  "changes": {
    "liberal": 0.5056172802952901,
    "conservative": -0.4213224353235532,
    "ndp": -0.2559584201178886,
    "bloc": 0.4601775425192196,
    "green": -0.07553035439106637,
    "ppc": -0.2506291484535894,
    "other": 0.03764553547156857
  }
}