{
  "latestValues": {
    "liberal": 49.540466783457,
    "conservative": 37.94742225330893,
    "ndp": 7.183770334524141,
    "bloc": 0.0,
    "green": 2.208074506454317,
    "ppc": 2.0478998880061208,
    "other": 1.07236623424949
  },
  "changes": {
    "liberal": 1.1517982734167447,
    "conservative": -0.3154296395651599,
    "ndp": -0.3941180911074884,
    "bloc": 0.0,
    "green": -0.06927520051841274,
    "ppc": -0.0159475295795648,
    "other": -0.35702781264613237
  }
}