{
  "latestValues": {
    "liberal": 34.06676926876097,
    "conservative": 49.998711911864554,
    "ndp": 10.654898355432236,
    "bloc": 0.0,
    "green": 2.156919034709202,
    "ppc": 1.6919518140868985,
    "other": 1.4307496151461265
  },
  "changes": {
    "liberal": -0.6887434760374305,
    "conservative": 1.9999078179647611,
    "ndp": 0.11500389030282143,
    "bloc": 0.0,
    "green": -0.3855391356468023,
    "ppc": -0.5638368981655353,
    "other": -0.4767921984178283
  }
}