{
  "latestValues": {
    "liberal": 43.3848769866691,
    "conservative": 22.153535210758115,
    "ndp": 5.510107602458076,
    "bloc": 24.892667227002907,
    "green": 2.0891710040733154,
    "ppc": 1.7688162126017766,
    "other": 0.20082575643669562
  },
  "changes": {
    "liberal": -1.5958230168689909,
    "conservative": -0.124212554814779,
    "ndp": 0.14399034796100896,
    "bloc": 2.271306330253413,
    "green": -0.36762076093426943,
    "ppc": -0.260467569119575,
    "other": -0.06717277647680911
  }
}